vendor_id,max_trip_distance,min_trip_distance,avg_passenger_count,avg_total_amount
1,1.16794818528062,0,766.5,17.8918267324751
2,1.6175573855962309,-22.18,167329.45,17.931893821827035
